"displayUrl","caption","ownerFullName","ownerUsername","url","commentsCount","firstComment","likesCount","timestamp","queryTag"
"https://scontent-lga3-3.cdninstagram.com/v/t51.82787-15/727287161_18593853991046402_861782391111989812_n.jpg?stp=dst-jpg_e15_tt6&_nc_ht=scontent-lga3-3.cdninstagram.com&_nc_cat=102&_nc_oc=Q6cZ2gGXmIVLxCq8ASk64h8gCpG-jCC1jz8ediMSbfIMRskSX0w09KUkQwu_eN8KPVztIkU&_nc_ohc=9PAm4pFlTsMQ7kNvwFRbipe&_nc_gid=Cxg0uQNt7Sp-yNHoBV26ow&edm=APs17CUBAAAA&ccb=7-5&oh=00_Af9_uJCiEfkbd5G0I8lAol8smALnFZxcZA8qLwSDKJMmLA&oe=6A3EA369&_nc_sid=10d13b","She’s a cutie if I do say so myself ✨

#livingroomstyle #livingroominspiration","Gemma Unitt  🌸✨","bygemmma","https://www.instagram.com/p/DZ26i7NMwKC/","8","Super cute 😍","-1","2026-06-21T18:30:37.000Z",
"https://scontent-atl3-3.cdninstagram.com/v/t51.71878-15/726411764_1334039388064592_4136175172718035999_n.jpg?stp=dst-jpg_e15_tt6&_nc_ht=scontent-atl3-3.cdninstagram.com&_nc_cat=108&_nc_oc=Q6cZ2gHt7g1oaOOEDXHMhQq1pw3I1Jqj4iNuZZk95_sst9EymyLsrylZvjfpyrMhZqK-pks&_nc_ohc=dqGKNQucG6EQ7kNvwF4T0qn&_nc_gid=nghpTKyvyTWSiCFWPiq6jw&edm=APs17CUBAAAA&ccb=7-5&oh=00_Af8TXm4b2Lew_LzurJr8r-JbF0gGlfeenMdRVCS5tPXAiw&oe=6A3EA047&_nc_sid=10d13b","Two rugs. One room. You decide. 👇

🤎 Ecco Rug
OR
🤍 Clara Rug

Sometimes rugs leave you with the hardest decisions - and this is definitely one of them. We genuinely can’t choose, so we’re leaving it up to you. Drop your vote in the comments and help us settle this once and for all! 

#rugvista #oddshape #woolrug #livingroom #livingroominteriors","Rugvista - Quality rugs online","rugvista","https://www.instagram.com/p/DZrkRU5Nmyj/","6","Looove both! Hard to decide 🥹🥹🥹","67","2026-06-17T08:45:48.000Z",
"https://scontent-atl3-1.cdninstagram.com/v/t51.82787-15/726494457_18112554860311350_2906402247830689959_n.jpg?stp=dst-jpg_e15_tt6&_nc_ht=scontent-atl3-1.cdninstagram.com&_nc_cat=106&_nc_oc=Q6cZ2gH9tq5sT8utNpxyQ_Ig36VJEj1ul4M4ipQjFX7ay8UCqUqCdH2PV_KkqhLfuSLVvFI&_nc_ohc=7JrJY2z4GIYQ7kNvwFJYoBg&_nc_gid=kk0XsZGNGSFEDbMWaZgIRw&edm=APs17CUBAAAA&ccb=7-5&oh=00_Af-wDCcT3kGkpSjcebksT9Lz-gSpqx0MVMiaLAOb6GDGcw&oe=6A3EBE7E&_nc_sid=10d13b","Another Before/After 💖","Amna","sansnovazuhause","https://www.instagram.com/p/DZstAy4O5Kl/","18","Ein Traum 😍🩷🤎","-1","2026-06-17T19:20:19.000Z",
"https://scontent-iad3-1.cdninstagram.com/v/t51.82787-15/710537149_18587660857050952_7389424086087395242_n.jpg?stp=dst-jpg_e15_fr_p1080x1080_tt6&_nc_ht=scontent-iad3-1.cdninstagram.com&_nc_cat=104&_nc_oc=Q6cZ2gHMegUC_UyBRcLIvtm1lZLh3nUM5-2sujGs4SgfA7vMCv0OtvDp1PepKhz2jN8AQ30&_nc_ohc=hrcxqhSSksQQ7kNvwHLWREA&_nc_gid=jLAteq_7N3GZ3PbGOlAHTw&edm=APs17CUBAAAA&ccb=7-5&oh=00_Af8lWey4kpNBdDv8ptW86t1-rZE5PRdXFtU0LHYdnJ-GnQ&oe=6A3EC211&_nc_sid=10d13b","AC person or sunshine person? Two things can be true when our summer collections were built for both.","Ruggable","ruggable","https://www.instagram.com/p/DY4oz8mDiC-/","5","Need this for my new house this summer!","77","2026-05-28T16:01:23.000Z",
"https://scontent-iad6-1.cdninstagram.com/v/t51.82787-15/727446316_18595640167058618_7885991434365631792_n.jpg?stp=dst-jpg_e15_tt6&_nc_ht=scontent-iad6-1.cdninstagram.com&_nc_cat=102&_nc_oc=Q6cZ2gEiw3rNg1ENB392VlzDNM03GzWhmBuS0KHp9qyN8go-tQZVX7qHS6nGUmlj61jyQOo&_nc_ohc=p4zGlMliO0UQ7kNvwG5c3b-&_nc_gid=175IrUh_Cvlx_BEOOZcqSw&edm=APs17CUBAAAA&ccb=7-5&oh=00_Af-gssvXH04DJ12zbEyuQ68QhTyKHT7ZsgKr-R2J7duTSQ&oe=6A3E985C&_nc_sid=10d13b","currently living in my slow days era 🦢🎧

#homebodylife #slowdaysathome #softlifeera #cozyathome #homevibe","rita - ugc creator | vancouver","margaritalut_","https://www.instagram.com/p/DZ2q72VMNzt/","16","Slow days are better than crazy days!","600","2026-06-21T16:15:41.000Z",
"https://scontent-mia3-2.cdninstagram.com/v/t51.82787-15/726309036_18604304257015661_4308875365411932957_n.jpg?stp=dst-jpg_e35_p1080x1080_sh2.08_tt6&_nc_ht=scontent-mia3-2.cdninstagram.com&_nc_cat=105&_nc_oc=Q6cZ2gHigmAfeY6rF65nwkd24m27TxbrLdy3Fo5xl2bjanc9c9YChHugLSFaCJCWIpp7S18&_nc_ohc=JMXnH7YP8CkQ7kNvwEyYYW3&_nc_gid=DGgLcNjgSAM3Pkd8iTaAWA&edm=APs17CUBAAAA&ccb=7-5&oh=00_Af8sxBvaJTVZAldGMc4fGt72oMmJ2fkxXevpDXRdO4ad3A&oe=6A3E90F0&_nc_sid=10d13b","The ones you keep coming back to 💫⁠
⁠
Timeless designs, beautiful quality, and that feeling of just knowing when a rug is right. Which one is your favourite? 🤗⁠
⁠
💭 Rugs: Marble, Chessie, Skagen, Rosalina, Mare, Kalmar, Georgia, Olga and Sabine⁠
⁠
#rugvista #qualityrugs #modernrugs #livingroomrug #bedroomrug","Rugvista - Quality rugs online","rugvista","https://www.instagram.com/p/DZuD6pqDJhL/","0","","36","2026-06-18T08:01:06.000Z",
"https://scontent-atl3-1.cdninstagram.com/v/t51.82787-15/722960536_18603108292056003_7628991441112279217_n.jpg?stp=dst-jpg_e35_p1080x1080_sh2.08_tt6&_nc_ht=scontent-atl3-1.cdninstagram.com&_nc_cat=103&_nc_oc=Q6cZ2gFFb445Cvo09SEcd4tD10L0CjPRoF_meB9FDbHy0-0jNde89UTHbjZjFu8kGciiQ70&_nc_ohc=mKwcpBwA5QMQ7kNvwHDalo7&_nc_gid=-jgSMLGOtyYjMr3mky0-Rw&edm=APs17CUBAAAA&ccb=7-5&oh=00_Af_pPftr9Sfk2YFQBj6UJOzzWqh5gicKxbeLFzY9i2_Sdw&oe=6A3EB371&_nc_sid=10d13b","This really is the perfect shade of pink paint and I can’t imagine our bedroom ever being anything but this colour 🌸
.
I’ve been working on adding the finishing touches to our new master bedroom and it got me thinking about this bedroom. We designed it and had it built, so I guess it was always going to be my favourite. I do love our new bedroom though and it has the prettiest view out over the garden for bird and deer watching ❤️ I’ll share the new updates soon. Just waiting for the last few bits to arrive. 
.
It’s been a very busy week of painting, panelling and wallpapering and our new kitchen and utility arrive next week, yay! 🎉 What colours do you think we’ve gone for? 
.
.
.
#diydecor #pinkpinkpink #ihavethisthingwithpink #bedroomgoals #pinkinterior","Helen Ford","homewithhelenandco","https://www.instagram.com/p/DZeacmXt5TO/","477","🎀🩷","207492","2026-06-12T06:09:47.000Z",
"https://scontent-iad6-1.cdninstagram.com/v/t51.82787-15/726969462_18593531917046402_4948883743566773627_n.jpg?stp=dst-jpg_e15_tt6&_nc_ht=scontent-iad6-1.cdninstagram.com&_nc_cat=102&_nc_oc=Q6cZ2gHj7LReWI9vc-bjvb-Wadb_VYcOdc0ZYo0csmUXCeYM3dB9fBMZ7FTH_Fkktod9Vz0&_nc_ohc=FC01KGaIjJsQ7kNvwG28ren&_nc_gid=6O4rjhMC_CArX_j-aSom6w&edm=APs17CUBAAAA&ccb=7-5&oh=00_Af9f5zHpXL-YYEzLmbrdIX6b1nI14ERH9jWtUyXF6t2zrA&oe=6A3EC2DA&_nc_sid=10d13b","Mornings in my at home coffee shop ☕️✨

#coffeeathome #coffeeoftheday #latteart","Gemma Unitt  🌸✨","bygemmma","https://www.instagram.com/p/DZ0dAmJM0Ff/","23","@bygemmma Thanks so much!!!","656","2026-06-20T19:34:13.000Z",
"https://scontent-lga3-1.cdninstagram.com/v/t51.82787-15/725599194_18595301470038621_5017119372100992152_n.jpg?stp=dst-jpg_e15_tt6&_nc_ht=scontent-lga3-1.cdninstagram.com&_nc_cat=109&_nc_oc=Q6cZ2gE74EH04TzZ5XVe-88zlpXI4GOsXX5cJnCM6frEFBiRwX1rQs8qRZtxcSSgwqBVLNY&_nc_ohc=-pSRQpW0NsAQ7kNvwEq_DBt&_nc_gid=bmYiLIFu4O-eWLkIqy5gWQ&edm=APs17CUBAAAA&ccb=7-5&oh=00_Af-u1uNDbC-gYMlVhVLI17xF3otquOhlha6b2VRp-jDYHQ&oe=6A3EB1E8&_nc_sid=10d13b","Anzeige | Living on the 3rd floor means summer hits a little different (and by different, I mean melting 🥵) But I officially found our new best friend to survive the heat: the Shark FlexBreeze HydroGo! 🩷 

My absolute favorite feature? The built-in misting technology 💧 You just fill the integrated tank, and it releases an ultra fine mist that instantly cools down the room without making your furniture, tech, or makeup wet ☝🏼 

Summer heat, we are ready for you! ☀️

@shark.deutschland #Shark #SharkDeutschland #SharkHydroGo","Nabila","homewithnabila","https://www.instagram.com/p/DZuEAIxNndc/","49","So good🔥","279","2026-06-18T08:02:19.000Z",
"https://scontent-hou1-1.cdninstagram.com/v/t51.82787-15/726987378_18595391977058618_8872100074656446853_n.jpg?stp=dst-jpg_e35_p1080x1080_sh2.08_tt6&_nc_ht=scontent-hou1-1.cdninstagram.com&_nc_cat=102&_nc_oc=Q6cZ2gHnwG-YqTZ5MqFZO03tmwWdcPsg6XDNTHsFQrjP-INr9JuyI82VY3tEgs-5CMSLypc&_nc_ohc=uveLCIPAeUMQ7kNvwEULtTl&_nc_gid=diFPSSOrCUnFafCbmko7nA&edm=APs17CUBAAAA&ccb=7-5&oh=00_Af_j-Xi-fjuGp1cD_XHmZrIJ3xo5z7IehjcwjMN_Vye4Aw&oe=6A3EA2A0&_nc_sid=10d13b","a little life i built and learned to love 🤍

#homebodylife #cozyliving #homemoments #comfortzone #cozyera","rita - ugc creator | vancouver","margaritalut_","https://www.instagram.com/p/DZ0vqTDyCpg/","4","a quiet life is a beautiful achievement. 🤍","3771","2026-06-20T22:18:49.000Z",
"https://scontent-ord5-1.cdninstagram.com/v/t51.71878-15/715360166_1309903744655075_1605146145285441659_n.jpg?stp=dst-jpg_e15_tt6&_nc_ht=scontent-ord5-1.cdninstagram.com&_nc_cat=111&_nc_oc=Q6cZ2gFdv45ApaETBfjXWsw0BuoFArpWO38qOju8bba3DRh_TRezY6vYOIboM4xaYK1VZ_s&_nc_ohc=2vXcnP0KTRAQ7kNvwHQQ1qT&_nc_gid=h7OySoNpy538uqYfCdAZhw&edm=APs17CUBAAAA&ccb=7-5&oh=00_Af-MEzCT_MroFXp-f7ssciexrZu2cedMUYMMPW8I6IqidQ&oe=6A3EAB95&_nc_sid=10d13b","My collection with Ruggable? It started how all good things do: with a DM 😉 

Shop the full collection at the link in my bio!","DAN PELOSI","grossypelosi","https://www.instagram.com/p/DZGQi3-ipjF/","25","Loveeee","377","2026-06-02T21:01:13.000Z",
"https://scontent-den2-1.cdninstagram.com/v/t51.82787-15/725803458_18594746212038621_3884444180500919705_n.jpg?stp=dst-jpg_e15_tt6&_nc_ht=scontent-den2-1.cdninstagram.com&_nc_cat=109&_nc_oc=Q6cZ2gGbRNMC7-hswimQG4AtTW6cdge88TwtLf0xzmISOFDkEtvSWzq9O6H5k5vlrYtzO7Y&_nc_ohc=zomllKPUjngQ7kNvwH4Fqcl&_nc_gid=1zIitICrBc5mYOURAmDxBw&edm=APs17CUBAAAA&ccb=7-5&oh=00_Af9grPsvMH8HHKtSIj8OQdyh0BvrDTqWjKgFT8w9vFKPmA&oe=6A3EB5C7&_nc_sid=10d13b","I just can’t help it 🤷🏻‍♀️ Colorful life has chosen me 💖","Nabila","homewithnabila","https://www.instagram.com/p/DZpLErdNFKK/","58","And the struggle to decide which one 😂 love your style!","2732","2026-06-16T10:28:23.000Z",
"https://scontent-lga3-2.cdninstagram.com/v/t51.82787-15/726838694_18607127863014744_4813859526012358376_n.jpg?stp=dst-jpg_e15_tt6&_nc_ht=scontent-lga3-2.cdninstagram.com&_nc_cat=100&_nc_oc=Q6cZ2gHszDIER9hRvQ5oT-K5Xx8H9KjFlLt7IKiH5DNrYj6w5utzbunSX8l4AcWkYd_OhFU&_nc_ohc=jBbp2ytI0KUQ7kNvwGOSriY&_nc_gid=EQCWFH1p90OBMR3V5jMarQ&edm=APs17CUBAAAA&ccb=7-5&oh=00_Af_ggtpTJyY3fYoHnQmKaGyhsxl4VL2o07ZL_2FxvtCf7w&oe=6A3E96CF&_nc_sid=10d13b","𝐁𝐞𝐡𝐢𝐧𝐝 𝐭𝐡𝐞 𝐃𝐞𝐬𝐢𝐠𝐧: Alina Collection⁠
⁠
Inspired by vibrant geometric tilework, our Textile Designer, Lucy, reinterpreted playful pattern through a transitional point of view. Its plush high-low pile and indoor-outdoor versatility bring effortless character to spaces designed to be lived in. ⁠ 

Rugs: Alina Collection {ALI02}⁠","Jaipur Living","jaipurliving","https://www.instagram.com/p/DZxueG-TxVy/","1","Love the soft, luxurious feel","233","2026-06-19T18:10:01.000Z",
"https://scontent-mia3-1.cdninstagram.com/v/t51.71878-15/723238614_982910194350899_3282597790016098481_n.jpg?stp=dst-jpg_e15_tt6&_nc_ht=scontent-mia3-1.cdninstagram.com&_nc_cat=111&_nc_oc=Q6cZ2gF3gjH8u2dE2l_J6Dr3PClLhxXJNY12L21YSeLAjtohbI0fS8zpFXzh_h8aZvsZo9g&_nc_ohc=vfbQV3_Hny4Q7kNvwFVAqOI&_nc_gid=kaZ92Ycf1H9Ro-XcJu1png&edm=APs17CUBAAAA&ccb=7-5&oh=00_Af9nyV-5Hyiy8cL6GFGuNHBlAAw3ZyMfdqLnSmzIINjkxg&oe=6A3EA6E0&_nc_sid=10d13b","𝐁𝐞𝐡𝐢𝐧𝐝 𝐭𝐡𝐞 𝐃𝐞𝐬𝐢𝐠𝐧: Cera Collection⁠
⁠
Inspired by the beauty of Spanish tilework, Cera balances geometric pattern and form. Our designer, Cadie, shares what makes this hand-knotted collection a go-to foundation for designers. ⁠
⁠
Rug: Cera Collection {CRA01}⁠","Jaipur Living","jaipurliving","https://www.instagram.com/p/DZnrFSePIst/","6","cadiEEEE","140","2026-06-15T20:27:20.000Z",
"https://scontent-lga3-2.cdninstagram.com/v/t51.71878-15/719523887_2122685778304548_7162692278090133320_n.jpg?stp=dst-jpg_e15_tt6&_nc_ht=scontent-lga3-2.cdninstagram.com&_nc_cat=100&_nc_oc=Q6cZ2gEumAlCSaspbGvw2cE1dP70kLH9BVmPJRLY_eOrRC-dHq8UqWDqTV8MvyAEH07znbA&_nc_ohc=fH32KW6uE0QQ7kNvwGm9m6l&_nc_gid=eauI3v_nA3V-GBXwW479OA&edm=APs17CUBAAAA&ccb=7-5&oh=00_Af9rrNJockC46fknf03UZM4jgGnw-z9WgtI1hM85Qv9szg&oe=6A3EC32A&_nc_sid=10d13b","ad. If you’re looking to upgrade your tv just in time for the World Cup then AO TVs have some fab options available. We went for the Samsung Frame along with the Samsung soundbar and were super impressed with the quality of the picture and sound. AO delivered so quickly and we had them both set up in no time! 📺 @ao","Gemma Unitt  🌸✨","bygemmma","https://www.instagram.com/p/DZvJ13vs2W3/","21","@_smithhome 🥰","-1","2026-06-18T18:10:40.000Z",
"https://scontent-lga3-3.cdninstagram.com/v/t51.82787-15/729385524_18113037014311350_8303997514703575331_n.jpg?stp=dst-jpg_e35_p1080x1080_sh2.08_tt6&_nc_ht=scontent-lga3-3.cdninstagram.com&_nc_cat=106&_nc_oc=Q6cZ2gFlCk4bTGJjaGB1bp4vCqY8GpoMCrDkNduPhOj6riQm2D7reMED_wDtm7UuecWcwRc&_nc_ohc=UruVp_tUm-YQ7kNvwGPfr62&_nc_gid=8rMqgJXUQrP1EOEhMG4rvg&edm=APs17CUBAAAA&ccb=7-5&oh=00_Af8kzoSptWosi4IS9h3KpSW80O3jOkwh6CqUYEn9I38WhA&oe=6A3EAAF0&_nc_sid=10d13b","Anzeige für Rugvista | Ahhhh endlich kann ich ihn euch zeigen! Unseren neuen Wohnzimmerteppich von @rugvista , den Handloom fringes in Beige aus der Rugvista Premium Kollektion. Ich bin so so begeistert, ich liebe das erdige Beige und vor allem fühlt er sich unglaublich toll an, die Qualität ist der Wahnsinn. Der weiche dichte Flor fühlt sich beim laufen oder auch einfach darauf sitzen so unglaublich weich an. Wie findet ihr ihn? 🤎

Rugvista steht seit 2005 für hochwertige Teppiche sowie eine große Auswahl an Designs zu fairen Preisen. Die Online Shopping Experience ist reibungslos einfach. Mit meinem Code SANS16 bekommt ihr ab 200 EUR Bestellwert 16% auf alle Teppiche inklusive bereits reduzierte Artikel. Der Code ist gültig bis zum 19.07.26

#Rugvista #myRugvista #livingroomideas","Amna","sansnovazuhause","https://www.instagram.com/p/DZ2xBziu0Dz/","42","Ohh Liebs total 🤎","668","2026-06-21T17:13:08.000Z",
"https://scontent-atl3-1.cdninstagram.com/v/t51.82787-15/717298303_18601074145056003_5638249927111487320_n.jpg?stp=dst-jpg_e35_p1080x1080_sh2.08_tt6&_nc_ht=scontent-atl3-1.cdninstagram.com&_nc_cat=103&_nc_oc=Q6cZ2gEpa56iJimmJSnUD2rWOl73Znz6mTh9y42OhssA7p7TC4ivo2wIxt7MICYuViFyp3k&_nc_ohc=e7wsYUV0zWAQ7kNvwFbhC7J&_nc_gid=Nl_vVhB-5-lbV2g0SwDXog&edm=APs17CUBAAAA&ccb=7-5&oh=00_Af991t-vd9-4Yp_BkOAGQ7cyj0rq0cvxdxiBRC5zF2Bh2Q&oe=6A3EBEF9&_nc_sid=10d13b","Ad. This was my first go at 3D printing. I used the @creality3d SparkX i7 and I still can’t believe how good the 3D prints turned out!
.
I selected templates from the Creality Cloud app so I didn’t have to design anything, loaded the filaments which were auto-recognised, then the SparkX i7 did the rest 🙌 It can print any colour, any shape… I’m gonna be organising everything in the house! 😆 A new refill version has also recently launched for an even easier printing experience. 
.
I’ve popped a link in my bio so you can check it out 🫶
.
.
.
#sparkxi7 #creality #3dprinter #diydecor #vanity","Helen Ford","homewithhelenandco","https://www.instagram.com/p/DZMZDEQtSHp/","317","❤️","6922","2026-06-05T06:11:05.000Z",
"https://scontent-dfw5-2.cdninstagram.com/v/t51.82787-15/718309557_18101760842140432_8234099588765224210_n.jpg?stp=dst-jpg_e15_tt6&_nc_ht=scontent-dfw5-2.cdninstagram.com&_nc_cat=104&_nc_oc=Q6cZ2gEjNlRWi-lR-tFgCTclwNz98C2riD5_i1OgMJSlnQqnK2BsnW34j4HPIfcHqB52fbc&_nc_ohc=5dszW8z_lloQ7kNvwHyH9yb&_nc_gid=Lo1vb94-v_6CJpj2y1Nbbg&edm=APs17CUBAAAA&ccb=7-5&oh=00_Af9IDzMyxbk8GxIL2XhrY8EqzdcMgYolWdCkTHj8PcoEoQ&oe=6A3EC1A3&_nc_sid=10d13b","+ 2 dogs 😂 🐶🐶 (most items linked in my bio 🫶🏻)

#couplesapartment #homeinspo #interior #doghome","Anna Konetz","nordwind.hygge","https://www.instagram.com/p/DZVdlbnoBZ3/","17","So beautiful","2381","2026-06-08T18:42:32.000Z",
"https://scontent-phl2-1.cdninstagram.com/v/t51.82787-15/722963007_18593634553038621_7816221775126321524_n.jpg?stp=dst-jpg_e35_p1080x1080_sh2.08_tt6&_nc_ht=scontent-phl2-1.cdninstagram.com&_nc_cat=109&_nc_oc=Q6cZ2gGdZAq1rdU3Ab7ryIMtxQ1SHhHbk5RWwyLrampEwcWNqO45X7amlaqmk9af4to8oAo&_nc_ohc=LqrICU7-m40Q7kNvwFyz9kE&_nc_gid=F_FOO64zSpaeg1ccRrCB6g&edm=APs17CUBAAAA&ccb=7-5&oh=00_Af9oFKOQAA_D8GdGDip-dis868nQSlQqa6ctNt1qfw8nKw&oe=6A3EC15A&_nc_sid=10d13b","Clogs all day, everyday! 🫶🏼✨ Anzeige @crocsgermany","Nabila","homewithnabila","https://www.instagram.com/p/DZe7yv0tpxu/","96","😍","378","2026-06-12T11:02:22.000Z",
"https://scontent-lga3-2.cdninstagram.com/v/t51.82787-15/726596842_18606563581014744_623554512159614258_n.jpg?stp=dst-jpg_e15_tt6&_nc_ht=scontent-lga3-2.cdninstagram.com&_nc_cat=100&_nc_oc=Q6cZ2gG-3fmEKcoujEbHFNvIkZQgHmDq_H6NJqYfkr_XPUKnnBtxwniXThzsWJKBTbDlbL4&_nc_ohc=O8iI7ca4CJoQ7kNvwHlP5GP&_nc_gid=rG_t5Imj0nv2xZIOaRaDPQ&edm=APs17CUBAAAA&ccb=7-5&oh=00_Af-FKYXCKx4yQUw88db-EbL1KFDSCrerYkHDx65wbMCGXw&oe=6A3EB529&_nc_sid=10d13b","Add a pop of personality.⁠
⁠
The Alina Collection combines bright color and bold geometric pattern with a textured high-low finish.⁠
⁠
Rugs: Alina {ALI01, ALI02, ALI03, ALI04, ALI05}","Jaipur Living","jaipurliving","https://www.instagram.com/p/DZtC1h3OIos/","1","Trying to figure out how I can fit all of them in my one bed apartment 🤧🤔","132","2026-06-17T22:30:48.000Z",
"https://instagram.fbtr1-1.fna.fbcdn.net/v/t51.82787-15/723988415_18033811670812777_7683958748893679454_n.jpg?stp=dst-jpg_e15_tt6&_nc_ht=instagram.fbtr1-1.fna.fbcdn.net&_nc_cat=101&_nc_oc=Q6cZ2gGTh6VKJdA__1Tkl97eAnBLb9O3-r3xrC0LyFly2O_BXMKqJj9LYt8XDhf1XZr7dGE&_nc_ohc=e8FcrUCKCPoQ7kNvwGjsl9Z&_nc_gid=_fOA8hungSyITBqUuU-3lw&edm=APs17CUBAAAA&ccb=7-5&oh=00_Af82WzVB_4LB_yl1MJ9yafG9tjSguJx-043XNO6KF6t3OA&oe=6A3EA3AF&_nc_sid=10d13b","Kind of my summer therapy🌞
Turn the fruit matching into a rug hunting.

#lanyspace #summerdecor #colorfulhome","Lany Space®","lany_space","https://www.instagram.com/p/DZ07l42htLI/","0","","55","2026-06-21T00:00:11.000Z",
"https://scontent-iad3-2.cdninstagram.com/v/t51.82787-15/725578768_18604882117056003_475005563000427305_n.jpg?stp=dst-jpg_e35_p1080x1080_sh2.08_tt6&_nc_ht=scontent-iad3-2.cdninstagram.com&_nc_cat=103&_nc_oc=Q6cZ2gF9vLuqmL6XNWlYufcYmBv_Tbf39SucrzulsduYH-YsPL2VNE_SxslRYPktHf2F1wA&_nc_ohc=8k4jcFKhozQQ7kNvwEtIZ1W&_nc_gid=-hoOERzk56uOwgI-UZUi_w&edm=APs17CUBAAAA&ccb=7-5&oh=00_Af-rRsxIMGP4XwgiVLDkuBm9xduOmDxLkUninaUQVMFv5g&oe=6A3EA57C&_nc_sid=10d13b","Ad. You already know I’m obsessed with interiors but the gardens just as important to me and I wanna know who’s responsible for leaving these massive 💩!
.
I’ve installed two TAPO C660 kits from @tplinkuk and it didn’t take long to discover the culprits! 🤭
.
Whether you’re looking for extra security or a 💩 culprit, I’d happily recommend these cameras. They took 5 mins to install (no wiring-in needed) the footage is super sharp and you don’t need to pay a subscription (just insert a microSD card or upgrade to the cloud storage). 
.
I’ve popped a link in my bio if you want to check these cameras out. Use code: HELEN10 for 10% off, on top of sale prices. 
.
.
.
#tplinkuk #diyhomedecor #decoratingideas #securitycameras #inmydomaine","Helen Ford","homewithhelenandco","https://www.instagram.com/p/DZt3z9bt1wm/","243","This is too funny 😂😂🤭🤭xxx","5039","2026-06-18T06:13:58.000Z",
"https://scontent-phl2-1.cdninstagram.com/v/t51.82787-15/722753944_18102079490140432_4577419337416479121_n.jpg?stp=dst-jpg_e35_p1080x1080_sh2.08_tt6&_nc_ht=scontent-phl2-1.cdninstagram.com&_nc_cat=104&_nc_oc=Q6cZ2gHBm3h09MUClFEzazaZd6TIC0czziWABNPCCg4rQzn2HGTPVduhjKtWaxfo2zbDa0Y&_nc_ohc=E5KRBPIpXu8Q7kNvwE7ngl1&_nc_gid=nuNn3cHlJuxfydnt8PB_zw&edm=APs17CUBAAAA&ccb=7-5&oh=00_Af-ehaexInDhQFx8sPI2PENxrSOOVIef9Utvat9mpeXm5w&oe=6A3EAC2B&_nc_sid=10d13b","Daytime vs nighttime in my home 🌆✨ ad | The right lighting changes everything. No big light needed, just cozy little corners and the perfect glow 🤍 in love with my new lamp🥹 @goveeofficial Comment “LAMP” and I’ll send you the link to Govee‘s Smart Lights collection or check out the link in my bio☺️🪄 

#livingroom #Inneneinrichtung #Wohninspiration #Slowliving #Wohnzimmer • Livingroominspo • interior • homedecor • Wohnzimmerideen","Anna Konetz","nordwind.hygge","https://www.instagram.com/p/DZdB0jFIvon/","25","Love the curtains sooo much","989","2026-06-11T17:17:52.000Z",
"https://scontent-lga3-2.cdninstagram.com/v/t51.82787-15/718294678_18607055050045105_886761506617457760_n.jpg?stp=dst-jpg_e15_tt6&_nc_ht=scontent-lga3-2.cdninstagram.com&_nc_cat=101&_nc_oc=Q6cZ2gHu3oIOehuAMaCDK2Q-Bbk2w5sNbM1_jTbChdb50yU6YVYAcF5PtYytSaZ9ehA2xpw&_nc_ohc=Uoz0fXkgbxgQ7kNvwGAI8lc&_nc_gid=g6KDgVaSsZbh0bvVbV-qTg&edm=APs17CUBAAAA&ccb=7-5&oh=00_Af9OCnMrCSVe6xgmQPjGZupShSCWPuqjR5T9o7J7ymxUPQ&oe=6A3E9248&_nc_sid=10d13b","A hallway is more than a pass-through—it’s an opportunity to make a statement.

From subtle texture to bold pattern, the @brigetteromanek x Loloi collection brings warmth, depth, and personality to every step. Designed to feel timeless, lived-in, and effortlessly elevated.

Which runner are you choosing?","Loloi","loloirugs","https://www.instagram.com/p/DZNcxriRhls/","6","Adds the best details!","212","2026-06-05T16:02:57.000Z",
"https://scontent-atl3-2.cdninstagram.com/v/t51.71878-15/722520439_2152989918928793_7738514272682460785_n.jpg?stp=dst-jpg_e15_tt6&_nc_ht=scontent-atl3-2.cdninstagram.com&_nc_cat=105&_nc_oc=Q6cZ2gF2Ry7Zl8MweUns_DZFbG-t8ync_TI7YPoAHLUjHa3dntQMHTxgieG5TktULHJVtGw&_nc_ohc=Q78y_BejMcEQ7kNvwGgL22V&_nc_gid=7iGT0dU7Gr5TLJTpMqEZug&edm=APs17CUBAAAA&ccb=7-5&oh=00_Af_huuRYnOe21FY0jVEWxreoV5qHFt1Q_sbRVhnd-gGPsA&oe=6A3EB507&_nc_sid=10d13b","Can no one tell someone is trying to work here🥹

Productivity may be gone, but honestly, so is my stress.

#lanyspace #colorfulhome #dopaminedecor #cozyweekend","Lany Space®","lany_space","https://www.instagram.com/p/DZflLuChBQU/","2","😍😍😍","26","2026-06-12T17:00:11.000Z",
"https://scontent-mia3-2.cdninstagram.com/v/t51.82787-15/715177948_18592713430031863_303988741510307054_n.jpg?stp=dst-jpg_e35_p1080x1080_sh2.08_tt6&_nc_ht=scontent-mia3-2.cdninstagram.com&_nc_cat=107&_nc_oc=Q6cZ2gHJACPATM3whk_aT2Y82zBsIGEEoXITqmkFSLEEDtOEbkeYtZ16Mji8HPljc3EiY68&_nc_ohc=3ZGA4tgfsfwQ7kNvwFxMcGH&_nc_gid=dixwedQMimYaWikvIx0DoA&edm=APs17CUBAAAA&ccb=7-5&oh=00_Af82VT0Qrdn05tX4kNurmOl0lHG9tYLPCPHOWXPrcjddZA&oe=6A3E908D&_nc_sid=10d13b","It’s been a dream to have a bed this cute! 🧈🫐🌸🍯 @pigletinbed 

#bedding #cosybedroom #bedroomideas #pinkbedroom","Bethany","bethanytrohear","https://www.instagram.com/p/DZJ3TqVImoG/","73","😍this is beautiful 😍 thank you for the Brazilian music","1054","2026-06-04T06:39:10.000Z",
"https://scontent-ord5-3.cdninstagram.com/v/t51.82787-15/720946632_18594983341031863_5504838321088554565_n.jpg?stp=dst-jpg_e35_p1080x1080_sh2.08_tt6&_nc_ht=scontent-ord5-3.cdninstagram.com&_nc_cat=107&_nc_oc=Q6cZ2gFFvTYUALmPenfYl3AkGOLjqd99xlyvLGCnwn88QS2-pl_0TRjQCPFKL8enz1ugqLg&_nc_ohc=Ril0mpSrCN8Q7kNvwGQpaVs&_nc_gid=EEJyCnOuAt8XHRC3AQzssQ&edm=APs17CUBAAAA&ccb=7-5&oh=00_Af8zMBoqKDMB1VGqjG4Nkpn-M54m8zSUeqWHFNeql_3mkg&oe=6A3EA82D&_nc_sid=10d13b","Before and after in our cosy pink bedroom 💞

#beforevsafter #pinkbedroom #bedroomideas #bedroomdecor #colourfulhome","Bethany","bethanytrohear","https://www.instagram.com/p/DZeb9LBoytL/","46","Soo good!","475","2026-06-12T06:22:24.000Z",
"https://scontent-lga3-1.cdninstagram.com/v/t51.82787-15/726539561_17893116102520641_6138963654925020495_n.jpg?stp=dst-jpg_e15_tt6&_nc_ht=scontent-lga3-1.cdninstagram.com&_nc_cat=109&_nc_oc=Q6cZ2gE2F0qHvwZbUGilc1_CsrR1tXsrP940oMnhkNkoIYeenRbpFG5e22y8tWL7b3V6IMz0dgqWOvx4veagAhn24lU5&_nc_ohc=3FziTzXebJcQ7kNvwGjROP7&_nc_gid=XxBSM6Zg5zgAV3I48TaXsQ&edm=APs17CUBAAAA&ccb=7-5&oh=00_Af82AqYae0vGpx6ibAj8f711hlsu9j_twkUIFE3L69shjg&oe=6A3EA936&_nc_sid=10d13b","Manifested a beautiful home - and went shopping at @westwingcom 🙌🏼😄🫶🏻 | Anzeige 

Aktuell läuft der Westwing Birthday Sale mit so vielen tollen Pieces - schaut mal vorbei. Den zusätzlichen -5% Vorteil auf die Sale Artikel der Westwing Collection findet ihr im Reel und im Highlight 😊

Btw glaubt ihr ans Manifestieren? 💫
happy weekend!! 

#westwingde #homedecor #flowergram #eclectichome","Anna","anna.homesome","https://www.instagram.com/p/DZzDxFCNGoK/","52","🔥","679","2026-06-20T06:37:04.000Z",
"https://scontent-atl3-2.cdninstagram.com/v/t51.82787-15/724158375_18609699874045105_6185362338107818848_n.jpg?stp=dst-jpg_e15_tt6&_nc_ht=scontent-atl3-2.cdninstagram.com&_nc_cat=101&_nc_oc=Q6cZ2gH2_yjgYQgg9Ea4dyXC66f0pNJ8StI9-QHULTNOaQpfTG6tw9wEYi9DgPFusTC2h5SZtrivnhuHi5f7c5ylCu8X&_nc_ohc=3oHhgVHOiiMQ7kNvwGwMqJr&_nc_gid=DRzJBfiIFXS96uic3EYyaA&edm=APs17CUBAAAA&ccb=7-5&oh=00_Af_hsTgUX4J8wOsKxlPb2jhYM7M4dsJSZSWAFzato-jACw&oe=6A3EB0FC&_nc_sid=10d13b","Worth chasing after.

Tomorrow, we introduce Reign.","Loloi","loloirugs","https://www.instagram.com/p/DZkvKaiR2DE/","27","So, soooooo beautiful","417","2026-06-14T17:06:25.000Z",
"https://scontent-iad6-1.cdninstagram.com/v/t51.71878-15/726831852_1351989080231616_3785184143395234714_n.jpg?stp=dst-jpg_e15_tt6&_nc_ht=scontent-iad6-1.cdninstagram.com&_nc_cat=100&_nc_oc=Q6cZ2gHToF-LV272vo-D8t5ZCGrBhjabelt1lAu1VElCS8Ar8j2DH_sRHZzxogGEf4GZ8Kg&_nc_ohc=pu3-zDR_aisQ7kNvwGkiokr&_nc_gid=o7teMvGZfQLGc6oLLG_Vbw&edm=APs17CUBAAAA&ccb=7-5&oh=00_Af8maJiVCKC0XXEeF4XywLNmt5OKGk6L24tHk_3x8iVBKw&oe=6A3E92AA&_nc_sid=10d13b","the dorm refresh you’ve been dreaming about 🩷☁️ 

cute decor, smart storage, cozy essentials, and everything else you need to turn your room into your favorite place on campus. shop now at the link in bio.","Urban Outfitters Home","urbanoutfittershome","https://www.instagram.com/p/DZvW1cQvwGl/","0","","-1","2026-06-18T20:03:44.000Z",
"https://scontent-lga3-2.cdninstagram.com/v/t51.82787-15/723126193_18106728227314572_3753857329791606619_n.jpg?stp=dst-jpg_e35_p1080x1080_sh2.08_tt6&_nc_ht=scontent-lga3-2.cdninstagram.com&_nc_cat=100&_nc_oc=Q6cZ2gGQ_avGmZ5mS1LXj1lyP4YxYuHAcxjFNFhxCnN0OSMu9bAiSzqG0KoJqc3_LDIn0HuMmnZdZ6H6rSB6JWJchKpz&_nc_ohc=CbUkKZMiCZQQ7kNvwHREtlx&_nc_gid=HDZZMT29FWyK7-eimwrSRQ&edm=APs17CUBAAAA&ccb=7-5&oh=00_Af9hhOwoibKkiwYODMIDpUk4uk12YJ6f4AydmW2W4eyz5w&oe=6A3EAD21&_nc_sid=10d13b","Weird things brings me joy 🐊

@lany_space has so many cute and whimsical rugs it was hard deciding on one for my space. 

#cozyhomedecor #cozyvibes #whimsy #dopaminedecor #myinteriorstyle","mia","isle7crossing","https://www.instagram.com/p/DZh4O8jqPEg/","10","Weird is fun 🐊","123","2026-06-13T14:39:53.000Z",
"https://scontent-bos5-1.cdninstagram.com/v/t51.71878-15/726842482_1521882639591451_4975987932785962912_n.jpg?stp=dst-jpg_e15_tt6&_nc_ht=scontent-bos5-1.cdninstagram.com&_nc_cat=107&_nc_oc=Q6cZ2gEdTbaJaJ5t94fiDSZ2Ae7a8Qb0HhTf3RKsmx37bBxkwwjZdEj77CueruD4DgwhN3sO-0UXRCfUAegb446-i5_c&_nc_ohc=l0gT-Wune7sQ7kNvwE1eyFd&_nc_gid=nQJvC5LNZ7NrCga4HWpW4A&edm=APs17CUBAAAA&ccb=7-5&oh=00_Af9ky7nk4U392yG26mPnrYadct_58EJfM1unF9Y4GdCDiw&oe=6A3EBFBC&_nc_sid=10d13b","Before and after of our apartment 💖","Amna","sansnovazuhause","https://www.instagram.com/p/DZsxSCzuB7q/","0","","78","2026-06-17T19:57:11.000Z",
"https://scontent-mia5-1.cdninstagram.com/v/t51.82787-15/714822448_18590712175058618_4504271177980806691_n.jpg?stp=dst-jpg_e35_p1080x1080_sh2.08_tt6&_nc_ht=scontent-mia5-1.cdninstagram.com&_nc_cat=102&_nc_oc=Q6cZ2gF6BHmmhvKaXu9NaOvy3DKRwTlfvTjFrfyY_aSJIU6zAW8lu7NpC_ryS0rvDCeV8pwRdX0A59REYG1ZNWCc4rmD&_nc_ohc=1-0JIHZCcBgQ7kNvwFo2wTc&_nc_gid=cGROcrywpupvMX0nWvfrcA&edm=APs17CUBAAAA&ccb=7-5&oh=00_Af-Fp1K4L7Ocb2WmyXPFwlQjmZDhRLWKkJLZ7qE41kbJ2w&oe=6A3EBB14&_nc_sid=10d13b","i can’t imagine being any other way 

#visualdiaries #romanticizinglife #softlifestyle #cozyliving #nostalgicperson","rita - ugc creator | vancouver","margaritalut_","https://www.instagram.com/p/DZCQkzNK6Rn/","87","I love this side of Instagram 🪷🍃","183979","2026-06-01T07:45:05.000Z",
"https://scontent-lga3-2.cdninstagram.com/v/t51.71878-15/718659778_1303746998596813_1304204909566754817_n.jpg?stp=dst-jpg_e15_tt6&_nc_ht=scontent-lga3-2.cdninstagram.com&_nc_cat=101&_nc_oc=Q6cZ2gHy18rAIRXYWImcvUIG1Ff-II9njRTsYfhfvrUVmW_71YaV_dy9_9XxaZcvIcbCh5k&_nc_ohc=2ebvfTyzEi4Q7kNvwHjMVRu&_nc_gid=AABVpF2WqV6QDxQv4pyLjQ&edm=APs17CUBAAAA&ccb=7-5&oh=00_Af8NfhatWp5vu9V6D0WILzXDwXFR0a_fZH8OjWPKlCrrsg&oe=6A3EB38D&_nc_sid=10d13b","designing a guest room that 13 year old me would love with some fun new additions from @feltrightproducts 🌸 #ad 
 
these tiles are all made from recycled plastic and they help to dampen the sound in our very echoey house! but mostly, I just love the colors and they could not be more perfect for this room! 
 
 
#feltright #bedroomdecor #bedroominterior #cozyathome","jordan | home + lots of plants","goldenhourabode","https://www.instagram.com/p/DZbLmThtBsb/","59","The bedside tables are beautiful- where did you find them? 😍","11759","2026-06-11T00:01:11.000Z",
"https://scontent-ord5-1.cdninstagram.com/v/t51.71878-15/724076565_1574733184162784_5649727357579708789_n.jpg?stp=dst-jpg_e15_tt6&_nc_ht=scontent-ord5-1.cdninstagram.com&_nc_cat=108&_nc_oc=Q6cZ2gEo2IiYL0r1pEV2JSsKR3eT9KJvXU4_uHSjcii8FFQTZvxX5nj-EjSA5vzQ0h-TdP4&_nc_ohc=RdFy57paWd8Q7kNvwFYyKY1&_nc_gid=zQ5EoQfhZhV5Mppw-0xYZw&edm=APs17CUBAAAA&ccb=7-5&oh=00_Af_HKw8AD5XpKWywm6DnEt_07fkCC_y_cqlaYnHuVKkH2w&oe=6A3EC3DF&_nc_sid=10d13b","Living room refresh 🤍

I switched to a darker rug because I wanted something that would make the living room feel cozier 🥰

This month, you can enjoy 16% off with my promo code CHARUG16 at @rugvista 

Rug : Handloom velvet, blue

ad
#bluerug #homedecor","Charlène","charlene_bct","https://www.instagram.com/p/DZrozMXNg-X/","60","Are you able to attach the link for the exact blue shade ? Absolutely love ! Would be super helpful 🥹 or is this color sold out ? @rugvista","327","2026-06-17T09:25:36.000Z",
"https://scontent-iad3-2.cdninstagram.com/v/t51.71878-15/718697454_1659908565262373_2642122571593566667_n.jpg?stp=dst-jpg_e15_tt6&_nc_ht=scontent-iad3-2.cdninstagram.com&_nc_cat=105&_nc_oc=Q6cZ2gFREJEYQ2JDBBj4Zpenqn2u1t6r4nXK_v4Ampv_ux88xrOLviCy7w1r-c0eF57Nk-4&_nc_ohc=D00VCPHf0FEQ7kNvwE7JQXN&_nc_gid=hgOWRojuzwpOoFQ_89i3LA&edm=APs17CUBAAAA&ccb=7-5&oh=00_Af9vW09ioObmKchv7j76X0gV6yTxZEUV2Kz4EH4rGB7Jng&oe=6A3EB3F2&_nc_sid=10d13b","vintage rugs for the win always 😌
 
 
 
#bedroomstyle #bedroomdesign #cozybedroom #vintagerug #vintagehome","jordan | home + lots of plants","goldenhourabode","https://www.instagram.com/p/DZWBzJutv8Z/","84","What color paint did you use for your walls it’s beautiful 😍","4652","2026-06-09T00:01:50.000Z",
"https://instagram.fabe1-1.fna.fbcdn.net/v/t51.71878-15/728613549_2078515096354177_3229385281415614830_n.jpg?stp=dst-jpg_e15_tt6&_nc_ht=instagram.fabe1-1.fna.fbcdn.net&_nc_cat=101&_nc_oc=Q6cZ2gEojTdhp_RuF_F9mhtfBHaP3zKJKCLacpcTTwGaVYmVnOJ6zjj9pLk33PkdO9hMJN0&_nc_ohc=t8UcXfCvO1MQ7kNvwECcZn3&_nc_gid=T1MWKBMcr3nZqct6NsfYRw&edm=APs17CUBAAAA&ccb=7-5&oh=00_Af9yfUowG4aEWFViWuFbxY67wL7XzkuqaxdNVIE37kHkKA&oe=6A3EAA65&_nc_sid=10d13b","All i need is an ordinary day like this 🌊🤎⭐️

[home decor, early mornings, home, cozy, interiors, slow life, slow mornings, slow living, homebody, homebody diaries]","arsheen | slow living | homecafe","tooshietrash","https://www.instagram.com/p/DZ1utuYs0Rw/","1","so cozy 😍","591","2026-06-21T07:28:06.000Z",
"https://instagram.fric1-2.fna.fbcdn.net/v/t51.71878-15/723109450_1670370361551935_8471379634180190627_n.jpg?stp=dst-jpg_e15_tt6&_nc_ht=instagram.fric1-2.fna.fbcdn.net&_nc_cat=111&_nc_oc=Q6cZ2gGY-ptjppDbNg101HlIHXFWsJBdhGQQO6C6aI865s_Axa9aKdMWaO3Gk85u3IpMJmg&_nc_ohc=-reO0hXvF6UQ7kNvwFnyDsR&_nc_gid=cZSXb7rhVsFP6F2Opv0k7g&edm=APs17CUBAAAA&ccb=7-5&oh=00_Af87kVtv1eyO-Y4OtJ5Phh6jVEd90LSoZ5ijq6kV8Ro3Gg&oe=6A3E8D88&_nc_sid=10d13b","Iced coffee and breakfast, what i dream of 🫠🤎

[home decor, early mornings, home, cozy, interiors, slow life, slow mornings, slow living, homebody, homebody diaries]","arsheen | slow living | homecafe","tooshietrash","https://www.instagram.com/p/DZ2t7uRMy-f/","0","","64","2026-06-21T16:40:16.000Z",
"https://scontent-lga3-1.cdninstagram.com/v/t51.82787-15/726538752_18096320843263977_647593370618704128_n.jpg?stp=dst-jpg_e15_tt6&_nc_ht=scontent-lga3-1.cdninstagram.com&_nc_cat=109&_nc_oc=Q6cZ2gHGn18n7V2iCdnvaSoiJsIjPBZK854soU9aLFHbumtOo-NsnL9Sya3vhsWmR6TC5ys&_nc_ohc=wLuZSaNEVMEQ7kNvwFAY2_V&_nc_gid=ktYfXxdRyqCx_BTjfqA7rw&edm=APs17CUBAAAA&ccb=7-5&oh=00_Af-xjP7KzY6Ka2qaGchMII_G2AtnFN647lg_EovKHNMqNg&oe=6A3EBF71&_nc_sid=10d13b","our kitchen got a major facelift last week and idk if I’ll ever get over this terracotta floor 🥹 it’s obviously still a work in progress out here, but we’ve definitely come a long way compared to what it looked like when we first moved in! 
 
I have to give a huge shoutout to our friends @dargadesignco for helping us tackle this project and bring this room to life! they drove all the way from the east side of the state to make this happen & we’re so grateful for them. so if you’re in the oakland county area of MI, make sure to look them up for your next project! 
 
 
#kitchenremodel #beforeandafter #kitchendesign #kitchenmakeover #vintagehouse","jordan | home + lots of plants","goldenhourabode","https://www.instagram.com/p/DZtMqvYNo57/","66","you literally picked the most perfect tiles 🙂‍↕️😍","2797","2026-06-18T00:00:35.000Z",
"https://scontent-phx1-1.cdninstagram.com/v/t51.82787-15/722666422_18599562916044061_8239662818176282464_n.jpg?stp=dst-jpg_e35_p1080x1080_sh2.08_tt6&_nc_ht=scontent-phx1-1.cdninstagram.com&_nc_cat=101&_nc_oc=Q6cZ2gFmlLOoM27aflbgKzFLo9s4daPhRt4KztDgC8mpjDou4S8FWzU-RE8P4Sad8WOl-WQ&_nc_ohc=5zUh3f8QINEQ7kNvwHkHCNb&_nc_gid=1sgEffxU6locARmtLtErXg&edm=APs17CUBAAAA&ccb=7-5&oh=00_Af9xNEgrPSL_ZpXH4oqSoLmitxln2UzoSiiWXN-0b4gV6w&oe=6A3EAB73&_nc_sid=10d13b","Our extra-fresh take on casual dining keeping things cool this summer 🍊","West Elm","westelm","https://www.instagram.com/p/DZiIDodjBld/","1","So aesthetic ❤️","181","2026-06-13T16:44:30.000Z",
"https://scontent-iad3-1.cdninstagram.com/v/t51.82787-15/719770881_18598613413012162_7718228367901501056_n.jpg?stp=dst-jpg_e15_fr_p1080x1080_tt6&_nc_ht=scontent-iad3-1.cdninstagram.com&_nc_cat=110&_nc_oc=Q6cZ2gEQ9DyJUJVBM4YSzqBK9PVaRxG9EOe3LDUhQkLegVFICjbbAkgVlZ1PGULdnx9onh4&_nc_ohc=FQsSbcLYbV8Q7kNvwEywLek&_nc_gid=CL_5ZUV1WH9HRV3aL64XcQ&edm=APs17CUBAAAA&ccb=7-5&oh=00_Af_70qXkMUJgm5B13ZaEhPpi7oTwbGfjxoLxLYlDqbwxDg&oe=6A3E8EF2&_nc_sid=10d13b","Making Gus guess the Grossyisms from my new collection with Ruggable. Since I cook for him, he couldn’t say no 💖 Shop the Ruggable & Friends: Dan Pelosi Collection at the link in bio!","DAN PELOSI","grossypelosi","https://www.instagram.com/p/DZqaYuyicUV/","58","“Welcome please leave by 9” 😍
I NEEEEEEED this","2394","2026-06-16T22:00:12.000Z",
"https://scontent-mia5-1.cdninstagram.com/v/t51.82787-15/724024574_18609986563045105_4764015773711627985_n.jpg?stp=dst-jpg_e15_tt6&_nc_ht=scontent-mia5-1.cdninstagram.com&_nc_cat=101&_nc_oc=Q6cZ2gHPkUCshq-UWpu70q7-t2U3lJoJYS6ezZf2KqeTK7bRhDMLAXVHoYDZDtwd_HQ5FXM&_nc_ohc=fGpEEhu4p4cQ7kNvwG7d1XC&_nc_gid=VmXz1Wbkir7TUuU_Y6I3LA&edm=APs17CUBAAAA&ccb=7-5&oh=00_Af-Bls8XALmDGfkoks_jGGdXdzSCJkkrkYZj0TVzmBmXDw&oe=6A3EB709&_nc_sid=10d13b","An heirloom-inspired collection designed with the character of a hand-knotted rug and remarkable softness underfoot.

Crafted with rich texture, movement, and depth, Reign brings timeless design into everyday living - now available in 15 designs made to be passed down for generations.","Loloi","loloirugs","https://www.instagram.com/p/DZnQw1RRVFB/","35","I love the ending!! 😂😍","383","2026-06-15T16:37:24.000Z",
"https://scontent-atl3-3.cdninstagram.com/v/t51.71878-15/728003617_1494714308389112_8548476773320727148_n.jpg?stp=dst-jpg_e15_tt6&_nc_ht=scontent-atl3-3.cdninstagram.com&_nc_cat=108&_nc_oc=Q6cZ2gFkTQLJmcTbHuSF2sNHyp4HUA0Iu48n85IH75r4f2CrTyN5CvC4n-rwcVm51nRferU&_nc_ohc=8RZ2HbhrcXYQ7kNvwEIRZ9n&_nc_gid=shUEKM848NuQmfb42qfA7Q&edm=APs17CUBAAAA&ccb=7-5&oh=00_Af8FouVihPoM1r4lblapshwtkFS1o_lLO502snbSQjO8wQ&oe=6A3E9483&_nc_sid=10d13b","A summer bed, however you make it. 🛏️","West Elm","westelm","https://www.instagram.com/p/DZ2jFa8NIta/","7","@breannalopresti GIRLLL🔥","187","2026-06-21T15:05:57.000Z",
"https://scontent-ord5-2.cdninstagram.com/v/t51.82787-15/724527130_18102525881140432_6928058930516177929_n.jpg?stp=dst-jpg_e15_tt6&_nc_ht=scontent-ord5-2.cdninstagram.com&_nc_cat=104&_nc_oc=Q6cZ2gHznOwCtDezaI9dsmqXtlpWLjgVMB50uvzNJo_Gv3C1WELDjFLxNc6is1DU44PqW3g&_nc_ohc=JRPVFrTa3gcQ7kNvwF-u8-Z&_nc_gid=Ik2KshiivkqSj_sKann5pQ&edm=APs17CUBAAAA&ccb=7-5&oh=00_Af-KMtHOvsTy9EzT5i8lrNcK8aVDiKqkNKn-qd4aZzTJNw&oe=6A3EA418&_nc_sid=10d13b","summer nights at home 🌇🏠 

#interior #homedecor #interiordesign #apartmenttherapy #interiorinspo","Anna Konetz","nordwind.hygge","https://www.instagram.com/p/DZnUmP7ISur/","21","🔥 Stunning 🔥","2497","2026-06-15T17:10:55.000Z",
"https://scontent-lax3-2.cdninstagram.com/v/t51.71878-15/727524504_998617193098315_3505347264550597882_n.jpg?stp=dst-jpg_e15_tt6&_nc_ht=scontent-lax3-2.cdninstagram.com&_nc_cat=107&_nc_oc=Q6cZ2gGSSOnRPiaGWzXKjfy1o-JmBvV9TLhEfPkYxUloEWQcLKG0HkcJLcdQpNAq9Dl6_uw&_nc_ohc=gcuGERwQHtUQ7kNvwGyFlf2&_nc_gid=GprMEmq6yaeo232gKrp4Iw&edm=APs17CUBAAAA&ccb=7-5&oh=00_Af_rkUGVWU8wMdDVDJ45GRPgBNhwSRjwkaQq9r_8zD-CtA&oe=6A3EB859&_nc_sid=10d13b","nothing quite like home 

[home decor, early mornings, home, cozy, interiors, slow life, slow mornings, slow living, homebody, homebody diaries]","arsheen | slow living | homecafe","tooshietrash","https://www.instagram.com/p/DZ3Gp6yMeGi/","1","😍😍😍","560","2026-06-21T20:16:06.000Z",
"https://scontent-ord5-1.cdninstagram.com/v/t51.71878-15/721332529_1024744990502324_7490956737821104748_n.jpg?stp=dst-jpg_e15_tt6&_nc_ht=scontent-ord5-1.cdninstagram.com&_nc_cat=108&_nc_oc=Q6cZ2gHf-X-lUt5R4H3sXbYkspCzii3nK0vpoMfIUwLwNBfcQpfi7x37X4M8ypTt9VZbiVYKd0zIKB_AH22o8KUEYWaB&_nc_ohc=CnhjnOLC3aEQ7kNvwFBgjxa&_nc_gid=iCfM46vC4RLdmGPF30Gm_g&edm=APs17CUBAAAA&ccb=7-5&oh=00_Af_RL2XnyMzZpwv9deqWP9qKdmvJFiWE01RhjzMpTibeYg&oe=6A3EBC36&_nc_sid=10d13b","Not just a mood board, a blueprint for the Summer season 🌞📌","West Elm","westelm","https://www.instagram.com/p/DZvZ_XJhjqq/","3","Restock ECs robe💔","108","2026-06-18T20:32:18.000Z",
"https://scontent-mia3-3.cdninstagram.com/v/t51.82787-15/728503440_18083875604644006_7999310814663198742_n.jpg?stp=dst-jpg_e15_fr_p1080x1080_tt6&_nc_ht=scontent-mia3-3.cdninstagram.com&_nc_cat=110&_nc_oc=Q6cZ2gGkL6hRxoL7vc9nk4KHt1TJ0UVV46okbxNBve4Yjkr4VbMEpE4L7-Q4QRK7OdDcidM&_nc_ohc=1X-Zq1MkQx0Q7kNvwFzQpNk&_nc_gid=kh4FtXEMAcWXfWlUkd8oKw&edm=APs17CUBAAAA&ccb=7-5&oh=00_Af_ARTlOIimJbjp1Pm0BSwy_ltUGhFynik3PlorOLmSeSQ&oe=6A3EA549&_nc_sid=10d13b","This is been life changing 

There’s something so satisfying about starting the day with fresh coffee while the floors clean themselves. ☕️✨

With all the pet hair, crumbs, and everyday messes that come with life, our Dreame robot vacuum has been a game changer. 

If you’ve been thinking about getting a robot vacuum to tackle all cleaning automatically, this one makes the switch so easy. 

It pretty much takes care of everything for you while keeping our home looking tidy👏🏼

Because the best kind of help is the kind you don’t have to think about. 🤍

@dreame_tech @dreame.usa 
#Dreame #DreameRobotVacuum #DreameL60UltraFE #SummerPD","Diana• Home + Nostalgia","smallcountryhome","https://www.instagram.com/p/DZ2Th9iRB6a/","15","This is awesome👏🏼👏🏼","147","2026-06-21T12:50:23.000Z",
"https://scontent-mia3-3.cdninstagram.com/v/t51.82787-15/727799113_18083664014644006_7667539918934253687_n.jpg?stp=dst-jpg_e15_fr_p1080x1080_tt6&_nc_ht=scontent-mia3-3.cdninstagram.com&_nc_cat=110&_nc_oc=Q6cZ2gFtArzoCVGzsYG8pQb6Faw2L5pRJ53DfWLzCqNxNkreptmgS94jiGkMe6zbFoyXqCw&_nc_ohc=ZFyUSfE1W_4Q7kNvwECbib_&_nc_gid=V-Mxq7ZtyCc73uBqFqHAYQ&edm=APs17CUBAAAA&ccb=7-5&oh=00_Af8PEEtbB9LjYVQs3dr6WfvAiHztkfRwfArsqxUmdxCVug&oe=6A3EB8C9&_nc_sid=10d13b","& your sister stopped by for a piece 🙂‍↕️

#summer #home #nostalgia","Diana• Home + Nostalgia","smallcountryhome","https://www.instagram.com/p/DZy5Htog_8p/","33","So lovely 💗","561","2026-06-20T05:02:25.000Z",
"https://scontent-phl2-1.cdninstagram.com/v/t51.82787-15/728606792_18605622712015661_9072320784127753013_n.jpg?stp=dst-jpg_e35_p1080x1080_sh2.08_tt6&_nc_ht=scontent-phl2-1.cdninstagram.com&_nc_cat=105&_nc_oc=Q6cZ2gGed2KxihGvYAn8E5JGcmCjud0arNq_XdDE13tfoMNcYZT0299TV3nSdRltbLM64EM&_nc_ohc=OGlF4zcZXhsQ7kNvwGJPzl0&_nc_gid=IsuQarNlAdmK3xJMDgLOBA&edm=APs17CUBAAAA&ccb=7-5&oh=00_Af87NkPIAfuMaFo67ruYGY8PqMeVK-rM7jUvvPKojJ1V4g&oe=6A3E8DCB&_nc_sid=10d13b","POV: Your new rug just arrived and your room finally looks the way it did in your head ✨

Warm tones, soft textures, and peonies... we're obsessed with the result @sansnovazuhause 🤗

💭 Rug: Handloom Fringes in Beige

#rugvista #woolrug #handloom #beigerugs #livingroomrug","Rugvista - Quality rugs online","rugvista","https://www.instagram.com/p/DZ4MoH5tK3e/","0","","0","2026-06-22T06:28:53.000Z",
"https://scontent-mia3-1.cdninstagram.com/v/t51.71878-15/717959284_27296611859999718_5095246465992333083_n.jpg?stp=dst-jpg_e15_tt6&_nc_ht=scontent-mia3-1.cdninstagram.com&_nc_cat=106&_nc_oc=Q6cZ2gELT3UieGnOf_FjwT_XQfQeC0gDz0JtMSJMVSCmBhRrYqAbj1M0qdQYqbVcZ-n-aSg&_nc_ohc=f9mRKeOve6wQ7kNvwF663dI&_nc_gid=hLvYhUae5ZuB5J0QPJb0EQ&edm=APs17CUBAAAA&ccb=7-5&oh=00_Af9mHh8VKMRfoJpWsLwV1daV1Cwn5CzA-R6hvUTovhwB9w&oe=6A3EB613&_nc_sid=10d13b","No clutter but a collection of adventures and life 🙌🏼👀😍 

#eclecticdecor #homeinspo #interiordesign #homewithpersonality #curatedvintage","Anna","anna.homesome","https://www.instagram.com/p/DZPYu_TtLW4/","366","I don’t hare it , but I love story on things!","53880","2026-06-06T10:05:12.000Z",
"https://scontent-hou1-1.cdninstagram.com/v/t51.82787-15/722638312_18590772856059012_8345091842946291582_n.jpg?stp=dst-jpg_e35_p1080x1080_sh2.08_tt6&_nc_ht=scontent-hou1-1.cdninstagram.com&_nc_cat=100&_nc_oc=Q6cZ2gEpx4B3a6nuqyzlX1nUA-7JGchBulR6cWASb6SDlzz8Te8vVmXtVHT2PP0XtKox2Bo&_nc_ohc=amhAdC5RC0UQ7kNvwG8LTWz&_nc_gid=x1f15-_gABxjeRp2QuEdDA&edm=APs17CUBAAAA&ccb=7-5&oh=00_Af9ZBIvZAMZ-9pKQE5tRnBQh6e4_lpinhjNzSOWO3bRRow&oe=6A3EB53C&_nc_sid=10d13b","My new paper lamp for the living room 🤍","Charlène","charlene_bct","https://www.instagram.com/p/DZeu2_UtKbu/","34","🤍🤍✨😍","743","2026-06-12T09:07:06.000Z",
"https://scontent-lga3-2.cdninstagram.com/v/t51.71878-15/707511951_1662680568293881_5072930578225016704_n.jpg?stp=dst-jpg_e15_tt6&_nc_ht=scontent-lga3-2.cdninstagram.com&_nc_cat=101&_nc_oc=Q6cZ2gEZz8motVb5Z4HBHVqHzTqdedLd5wTerW9xfG1S2hwvAU6HFSdzVvUQGBef9j95xGQ&_nc_ohc=L3cnIHv7zzcQ7kNvwEgt-ML&_nc_gid=CJIDMwoGvBviUxzVUiu4aA&edm=APs17CUBAAAA&ccb=7-5&oh=00_Af94PCu-ro7dXycFNv-dFpK5TuwtaQo8gwNYQrsBezKUQQ&oe=6A3EBA94&_nc_sid=10d13b","My lastest find and my new favorite in my home 🩶🩶 

XL mirror from Zara Home","Charlène","charlene_bct","https://www.instagram.com/p/DY1MficNEmV/","59","Need😍","4871","2026-05-27T05:58:53.000Z",
"https://scontent-atl3-3.cdninstagram.com/v/t51.82787-15/725474713_18083334677644006_4227556151155601029_n.jpg?stp=dst-jpg_e15_fr_p1080x1080_tt6&_nc_ht=scontent-atl3-3.cdninstagram.com&_nc_cat=110&_nc_oc=Q6cZ2gGtsmtb92_z_wUfHmCI7MsogybTyBrj6yAYU9drlnq-idmH5GS-NQ0qXC2I7QDuH0E&_nc_ohc=CsW05IyZXMQQ7kNvwHwZpv0&_nc_gid=N4kTaLn5vJJQCV5OW5sx2g&edm=APs17CUBAAAA&ccb=7-5&oh=00_Af_7uRA6LDMQTLFDysHEP3E2ZH0zWUTbXENbUHTcRNwTtQ&oe=6A3E94F1&_nc_sid=10d13b","add no plans + comfort food 

sometimes you just need a good summer storm 🙂‍↕️

#rainy #home #cozy #homebody","Diana• Home + Nostalgia","smallcountryhome","https://www.instagram.com/p/DZpsBzrAiwY/","141","I loooooooove rainy day!!!! I miss it so much (i’m living in France et it’s soooo hot 😅)","20542","2026-06-16T15:13:40.000Z",
"https://scontent-mia3-3.cdninstagram.com/v/t51.71878-15/723930983_2482839855569144_5301221401546067962_n.jpg?stp=dst-jpg_e15_tt6&_nc_ht=scontent-mia3-3.cdninstagram.com&_nc_cat=108&_nc_oc=Q6cZ2gGnKjzJYAIbCxJ4EM7sf_8jM8bPaGlzgXp6PqitE8AeyFaZsKBY-da_MQNwi7Tu_8o&_nc_ohc=1lKdRNr1ZDEQ7kNvwHW_XNt&_nc_gid=_AoYZt7dqGq1DnfQ3lqMTQ&edm=APs17CUBAAAA&ccb=7-5&oh=00_Af8_JVoCeGANkqmGgWBKas5uZFsGvrcqG-RVgkjZr8dVAA&oe=6A3EA63F&_nc_sid=10d13b","Aaaah I love my job, going to this place felt like coming home a bit 🥹 The festival of the @neweuropeanbauhaus gave me hope and inspiration, and another reason why I love Brussels!! Met so many people that use creativity to solve real and pressing issues, this is what life is about 💛 

#brussels #bauhaus #neweuropeanbauhaus #sustainableblogger #duurzaamheid","Charlotte 🌞","charlotte.vandaele","https://www.instagram.com/p/DZxTdWYIitc/","7","You should try the sandwiches in le Comptoir de Tom, is also in st cath super close to jean bom and are amazinggggg","897","2026-06-19T14:13:31.000Z",
"https://scontent-dfw6-2.cdninstagram.com/v/t51.82787-15/718631980_17891066055520641_3113872171713193621_n.jpg?stp=dst-jpg_e15_tt6&_nc_ht=scontent-dfw6-2.cdninstagram.com&_nc_cat=109&_nc_oc=Q6cZ2gFlh3rWLM9NEbTjhvlUSkK8FEqECvXz9T5lnK3_9V-PuGmoklLyP2zSBD4Fa2scvcA&_nc_ohc=PGD-DJnpiOMQ7kNvwHgQJu8&_nc_gid=M8rkRNQmplFWNXABwnQs7g&edm=APs17CUBAAAA&ccb=7-5&oh=00_Af__dJ23Z8o58BwKJ7mXobwOq1ynH1h2Y7HcaIXcI8_oog&oe=6A3E99C7&_nc_sid=10d13b","Newest home additions 🙌🏼 Anzeige @westwingcom
Wie schön ist bitte der Beistelltisch, sowas lieb ich ja! Es gibt weiterhin einen 10% Vorteil für euch, verlinke euch den Tisch (Simon) und die Vase (Portabello) in der Story 🫶🏻

Btw.: hab mich heute ausgesperrt als ich die Westwing Bestellung bei unseren Nachbarn abholen wollte 🤓 war nur ein kleines Drama, ups.

#westwingde #homedecor #eclectichomedecor #homeinspo","Anna","anna.homesome","https://www.instagram.com/p/DZSnf2OtzqI/","91","Where is the lamp from? Love it! Your style is so great, just love it!","1308","2026-06-07T16:12:19.000Z",
"https://scontent-lga3-2.cdninstagram.com/v/t51.82787-15/721224174_18594120172031863_6134210389262623800_n.jpg?stp=dst-jpg_e35_p1080x1080_sh2.08_tt6&_nc_ht=scontent-lga3-2.cdninstagram.com&_nc_cat=107&_nc_oc=Q6cZ2gGE9A4Llywrb60DmAbo45VDdw3wmAX1FuRTIU6KOray1fMvcwyI1AVtXhtR1wbewqE&_nc_ohc=GPpgD44vU84Q7kNvwGBNazj&_nc_gid=yFagabENEpjHgbCWxvFgCw&edm=APs17CUBAAAA&ccb=7-5&oh=00_Af_Zrw0jugksW7qn5ctTlFG-eC7mdFQrfGYhdX83bvwztA&oe=6A3EA577&_nc_sid=10d13b","adding the coolest pieces to our colourful home @nexthome 🎋😀

Ad #homedecor #colourfulhome #midcentury #cosyhome #eclecticdecor chrome lamp, pink bedroom, mid century modern, chrome decor, bedding","Bethany","bethanytrohear","https://www.instagram.com/p/DZWv1yOIOLI/","35","Where is this top from please? 😊","-1","2026-06-09T06:50:11.000Z",
"https://instagram.fric1-2.fna.fbcdn.net/v/t51.82787-15/711075828_18597369310029856_3753539416375113471_n.jpg?stp=dst-jpg_e35_p1080x1080_sh2.08_tt6&_nc_ht=instagram.fric1-2.fna.fbcdn.net&_nc_cat=104&_nc_oc=Q6cZ2gGdgBodqS83LzuOY3ry_5IT2EdoseFgRv4yHS-Sv99itrl3WGxMOGI8YPdyZKxDgL1E19aJ6DsjW5urDxmDLvx8&_nc_ohc=p3S3K3odnNIQ7kNvwGfQsMb&_nc_gid=4ivKIK3nm4JkGlw-h-9VaQ&edm=APs17CUBAAAA&ccb=7-5&oh=00_Af_GqLkn8tZ9PRpHzg3pj3xKsw1MEagxR5tthMp_kQZXGw&oe=6A3EB12A&_nc_sid=10d13b","Already discovered so many gems on @catawiki, please don’t ask me to pick a favourite 🙉 (publicity)

Bidding is way more easy than you think, the last bid I won was this yellow hand lamp and I’m head over heels in love! Let me know when you found something! 🖼️

#catawiki #vintage #secondhand #thriftedfinds #designer","Charlotte 🌞","charlotte.vandaele","https://www.instagram.com/p/DZKt4-5IPWj/","16","Hello Catawiki, the bag I bought on your site ( Order no. #46892763) was counterfeit. The seller does not answer my messages and there is no direct way to contact your customer support. Can you help me?","721","2026-06-04T14:33:57.000Z",
"https://scontent-lga3-3.cdninstagram.com/v/t51.71878-15/715589999_1010345491337790_3929537289851678108_n.jpg?stp=dst-jpg_e15_tt6&_nc_ht=scontent-lga3-3.cdninstagram.com&_nc_cat=106&_nc_oc=Q6cZ2gHxHMyFj4UDfxT5y6u6nF3D3bxIZR1T-8AZGDOGbXc9TJSeP1dbO6rsbJXOOsVD1Eo&_nc_ohc=uuLKShut7CQQ7kNvwHyYoDD&_nc_gid=Xf1aRH4pFIJoLIBJUmI33w&edm=APs17CUBAAAA&ccb=7-5&oh=00_Af9RuRxk8rD-OnztNeLjIhzyKouPf_TKGIn04N_AflRsEw&oe=6A3EBC1A&_nc_sid=10d13b","The balcony upgrade series pt.2! 🎨 I haven’t been so excited for a before-after EVER!!

After painting my balcony yellow it was time to transform this bistro set to complete the space🪑This upcycling was insipired and made possible by @‌gamma.belgie and my community 🙏🏻 (publicity)

I’d been on the hunt for a bistro set for my terrace for AGES, the small table I own now just flops closed whenever it feels like it (with spilled beverages and broken plates of food as a result). I’ve had this design in the back of my mind for a while now and @‌gamma.belgie helped me bring my vision to reality!

What you need:
✨ secondhand furniture
✨ brushes & a roller
✨ tape measure
✨ masking tape
✨ a good adhesive primer
✨ paints in your favorite colours, I used these:
 * Desert Daisy Y0832-5016
 * HEX B0A6DF
 * HEX 74070E

Start off with cleaning your object, you don’t want any cat hair or dust to get mixed into your paint.

Then, apply one layer of primer. This really makes the paint stick, so it’s important not to skip this step.

Next I measured the placement of my stripes (I kind of freewheeled a bit though, but the perfectionists among us will love to get the maximum out of this step).

Now finally the colorful part! Apply one or two coats of your colours of choice, at least two coats for a darker shade of paint. Otherwise you risk still seeing the primer through the paint.

Lastly, let the paint dry completely (at least 24h) before you tape on it again to finish your last block of colour. At last you get to strip the tape away (warning: satisfying). This is where the magic happens.

Now you get to enjoy your colorful eyecatcher 💛

#samenmetgamma #upcycling #interiorforyou #interiordesign #homemakeover

Tuinset • garden set • diy • apartment terrace • upcycling • upcycle project •","Charlotte 🌞","charlotte.vandaele","https://www.instagram.com/p/DZSTA24IoKS/","78","So beautiful 😍 Well done!!!","2187","2026-06-07T13:16:01.000Z",
